BUF,MIA,NE,NYJ,BAL,CIN,CLE,PIT,HOU,IND,JAX,TEN,DEN,KC,LV,LAC,DAL,NYG,PHI,WAS,CHI,DET,GB,MIN,ATL,CAR,NO,TB,ARI,LAR,SF,SEA
QB,QB,QB,QB,QB,QB,QB,QB,QB,QB,QB,QB,QB,QB,QB,QB,QB,QB,QB,QB,QB,QB,QB,QB,QB,QB,QB,QB,QB,QB,QB,QB
Josh Allen,Tua Tagovailoa,Mac Jones,Zach Wilson,Lamar Jackson,Joe Burrow,Deshaun Watson,Mitch Trubisky,Davis Mills,Matt Ryan,Trevor Lawrence,Ryan Tannehill,Russell Wilson,Patrick Mahomes,Derek Carr,Justin Herbert,Dak Prescott,Daniel Jones,Jalen Hurts,Carson Wentz,Justin Fields,Jared Goff,Aaron Rodgers,Kirk Cousins,Marcus Mariota,Baker Mayfield,Jameis Winston,Tom Brady,Kyler Murray,Matthew Stafford,Trey Lance,Geno Smith
Case Keenum,Teddy Bridgewater,Brian Hoyer,Joe Flacco,Tyler Huntley,Brandon Allen,Jacoby Brissett,Kenny Pickett,Kyle Allen,Nick Foles,C.J. Beathard,Malik Willis,Josh Johnson,Chad Henne,Jarrett Stidham,Chase Daniel,Cooper Rush,Tyrod Taylor,Gardner Minshew,Taylor Heinicke,Trevor Siemian,Tim Boyle,Jordan Love,Sean Mannion,Desmond Ridder,Sam Darnold,Andy Dalton,Blaine Gabbert,Colt McCoy,John Wolford,Jimmy Garoppolo,Drew Lock
Matt Barkley,Skylar Thompson,Bailey Zappe,Mike White,Brett Hundley,Jake Browning,Joshua Dobbs,Mason Rudolph,Jeff Driskel,Sam Ehlinger,Jake Luton,Logan Woodside,Brett Rypien,Shane Buechele,Nick Mullens,Easton Stick,Will Grier,Davis Webb,Carson Strong,Sam Howell,Nathan Peterman,David Blough,Danny Etling,Kellen Mond,Feleipe Franks,Matt Corral,Ian Book,Kyle Trask,Trace McSorley,Bryce Perkins,Nate Sudfeld,Jacob Eason
RB,RB,RB,RB,RB,RB,RB,RB,RB,RB,RB,RB,RB,RB,RB,RB,RB,RB,RB,RB,RB,RB,RB,RB,RB,RB,LTE,RB,RB,RB,RB,RB
Devin Singletary,Chase Edmonds,Damien Harris,Breece Hall,J.K. Dobbins,Joe Mixon,Nick Chubb,Najee Harris,Marlon Mack,Jonathan Taylor,Travis Etienne Jr.,Derrick Henry,Javonte Williams,Clyde Edwards-Helaire,Josh Jacobs,Austin Ekeler,Ezekiel Elliott,Saquon Barkley,Miles Sanders,Antonio Gibson,David Montgomery,D'Andre Swift,Aaron Jones,Dalvin Cook,Cordarrelle Patterson,Christian McCaffrey,Adam Trautman,Leonard Fournette,James Conner,Cam Akers,Elijah Mitchell,Rashaad Penny
James Cook,Raheem Mostert,Rhamondre Stevenson,Michael Carter,Gus Edwards,Samaje Perine,Kareem Hunt,Benny Snell Jr.,Rex Burkhead,Nyheim Hines,James Robinson,Dontrell Hilliard,Melvin Gordon III,Ronald Jones,Kenyan Drake,Isaiah Spiller,Tony Pollard,Matt Breida,Kenneth Gainwell,J.D. McKissic,Khalil Herbert,Jamaal Williams,AJ Dillon,Alexander Mattison,Tyler Allgeier,Chuba Hubbard,Taysom Hill,Rachaad White,Darrel Williams,Darrell Henderson Jr.,Jeff Wilson Jr.,Kenneth Walker III
Zack Moss,Sony Michel,Pierre Strong Jr.,Tevin Coleman,Mike Davis,Chris Evans,D'Ernest Johnson,Anthony McFarland Jr.,Dameon Pierce,Phillip Lindsay,Snoop Conner,Hassan Haskins,Mike Boone,Jerick McKinnon,Brandon Bolden,Joshua Kelley,Rico Dowdle,Gary Brightwell,Boston Scott,Brian Robinson,Darrynton Evans,Craig Reynolds,Kylin Hill,Kene Nwangwu,Damien Williams,D'Onta Foreman,Nick Vannett,Ke'Shawn Vaughn,Eno Benjamin,Kyren Williams,Tyrion Davis-Price,Chris Carson
FB,FB,LWR,FB,FB,LWR,FB,FB,FB,LWR,LWR,FB,FB,FB,FB,FB,FB,LWR,LWR,FB,FB,FB,LWR,FB,FB,FB,RB,LWR,LWR,LWR,FB,LWR
Reggie Gilliam,Alec Ingold,DeVante Parker,Nick Bawden,Patrick Ricard,Tee Higgins,Johnny Stanton IV,Derek Watt,Andy Janovich,Michael Pittman Jr.,Zay Jones,Tory Carter,Andrew Beck,Michael Burton,Jakob Johnson,Zander Horvath,Ryan Nall,Kenny Golladay,A.J. Brown,Alex Armah,Khari Blasingame,Jason Cabinda,Sammy Watkins,C.J. Ham,Keith Smith,Giovanni Ricci,Alvin Kamara,Mike Evans,A.J. Green,Allen Robinson II,Kyle Juszczyk,DK Metcalf
LWR,John Lovett,Tyquan Thornton,LWR,Ben Mason,Stanley Morgan,LWR,LWR,Paul Quessenberry,Mike Strachan,Laquon Treadwell,LWR,LWR,LWR,LWR,Gabe Nabers,Nick Ralston,C.J. Board,Zach Pascal,LWR,LWR,LWR,Christian Watson,Jake Bargas,LWR,LWR,Mark Ingram II,Jaelon Darden,Antoine Wesley,Ben Skowronek,Josh Hokit,Cody Thompson
Stefon Diggs,LWR,N'Keal Harry,Corey Davis,LWR,Trenton Irwin,Donovan Peoples-Jones,Diontae Johnson,LWR,DeMichael Harris,Jeff Cotton Jr.,Robert Woods,Courtland Sutton,Marquez Valdes-Scantling,Davante Adams,LWR,LWR,Collin Johnson,Deon Cain,Terry McLaurin,Equanimeous St. Brown,DJ Chark,Juwann Winfree,LWR,Bryan Edwards,DJ Moore,Dwayne Washington,Vyncint Smith,Christian Blake,Warren Jackson,LWR,Penny Hart
Jake Kumerow,Jaylen Waddle,RWR,Denzel Mims,Rashod Bateman,RWR,Javon Wims,Miles Boykin,Nico Collins,RWR,RWR,Dez Fitzpatrick,Seth Williams,Josh Gordon,Mack Hollins,Mike Williams,Michael Gallup,RWR,RWR,Cam Sims,Dante Pettis,Quintez Cephus,RWR,Adam Thielen,Auden Tate,Brandon Zylstra,FB,RWR,RWR,RWR,Brandon Aiyuk,RWR
Isaiah Hodgins,Erik Ezukanma,Kendrick Bourne,Tarik Black,Binjimen Victor,Ja'Marr Chase,Michael Woods II,RWR,Chris Conley,Alec Pierce,Marvin Jones Jr.,Cody Hollister,Travis Fulgham,Cornell Powell,Dillon Stoner,Michael Bandy,Simi Fehoko,Kadarius Toney,DeVonta Smith,Kelvin Harmon,David Moore,Corey Sutton,Allen Lazard,Bisi Johnson,Geronimo Allison,Keith Kirkwood,Adam Prentice,Chris Godwin,Marquise Brown,Van Jefferson,Malik Turner,Tyler Lockett
RWR,Preston Williams,Nelson Agholor,RWR,Devon Williams,Mike Thomas,RWR,Chase Claypool,Jalen Camp,Dezmon Patmon,Laviska Shenault Jr.,RWR,RWR,RWR,RWR,Maurice Ffrench,T.J. Vasher,Richie James,Jalen Reagor,RWR,RWR,RWR,Romeo Doubs,Dan Chisena,RWR,RWR,LWR,Cyril Grayson Jr.,Andy Isabella,Tutu Atwell,Austin Mack,Marquise Goodwin
Gabriel Davis,RWR,Kristian Wilkerson,Elijah Moore,RWR,Kwamie Lassiter II,Amari Cooper,Gunner Olszewski,RWR,Samson Nacua,Tim Jones,Nick Westbrook-Ikhine,Tim Patrick,Mecole Hardman,Keelan Cole,RWR,RWR,Darius Slayton,John Hightower,Jahan Dotson,Darnell Mooney,Jameson Williams,Malik Taylor,RWR,Drake London,Robbie Anderson,Michael Thomas,Breshad Perriman,Andre Baccellia,J.J. Koski,RWR,Dareke Young
Khalil Shakir,Tyreek Hill,SWR,Jeff Smith,Devin Duvernay,SWR,Anthony Schwartz,Tyler Vaughns,Brandin Cooks,SWR,SWR,Racey McMath,Kendall Hinton,Daurice Fountain,Tyron Johnson,Joshua Palmer,CeeDee Lamb,SWR,SWR,Dyami Brown,Tajaé Sharpe,Josh Reynolds,SWR,Justin Jefferson,KhaDarel Hodge,Rashard Higgins,Marquez Callaway,SWR,SWR,SWR,Deebo Samuel,SWR
Marquez Stevenson,Trent Sherfield,Jakobi Meyers,D.J. Montgomery,Jaylon Moore,Tyler Boyd,Ja'Marcus Bradley,SWR,Phillip Dorsett,Parris Campbell,Christian Kirk,Josh Malone,Tyrie Cleveland,Omar Bayless,Jordan Veasy,Jalen Guyton,Jalen Tolbert,Sterling Shepard,Quez Watkins,Marken Michel,Nsimba Webster,Trinity Benson,Randall Cobb,Jalen Nailor,Frank Darby,C.J. Saunders,Kevin White,Russell Gage,Rondale Moore,Cooper Kupp,Danny Gray,Freddie Swain
SWR,Cody Core,Ty Montgomery,SWR,Makai Polk,Trent Taylor,SWR,George Pickens,Connor Wedington,Ashton Dulin,Jamal Agnew,SWR,SWR,SWR,SWR,Jason Moore Jr.,Ty Fryfogle,Wan'Dale Robinson,Greg Ward,SWR,SWR,SWR,Amari Rodgers,Blake Proehl,SWR,SWR,RWR,Tyler Johnson,Greg Dortch,Brandon Powell,Marcus Johnson,Dee Eskridge
Jamison Crowder,SWR,Tre Nixon,Garrett Wilson,SWR,Pooka Williams Jr.,David Bell,Calvin Austin III,SWR,Keke Coutee,Marvin Hall,Treylon Burks,Jerry Jeudy,JuJu Smith-Schuster,Hunter Renfrow,SWR,SWR,David Sills V,Britain Covey,Curtis Samuel,Byron Pringle,Amon-Ra St. Brown,Samori Toure,SWR,Olamide Zaccheaus,Terrace Marshall Jr.,Chris Olave,Scotty Miller,JaVonta Payton,Landen Akers,SWR,Bo Melton
Isaiah McKenzie,Cedrick Wilson Jr.,TE,Braxton Berrios,James Proche II,TE,Jakeem Grant Sr.,Anthony Miller,John Metchie III,LTE,LTE,Kyle Philips,KJ Hamler,Skyy Moore,Demarcus Robinson,Keenan Allen,James Washington,LTE,LTE,Alex Erickson,Velus Jones Jr.,Kalif Raymond,LTE,K.J. Osborn,Damiere Byrd,Andre Roberts,Deonte Harty,LTE,LTE,LTE,Jauan Jennings,TE
Tavon Austin,Lynn Bowden Jr.,Hunter Henry,Calvin Jackson,Tylan Wallace,Hayden Hurst,Mike Harley Jr.,TE,Chris Moore,Mo Alie-Cox,Evan Engram,Reggie Roberson Jr.,Montrell Washington,Justin Watson,DJ Turner,DeAndre Carter,Noah Brown,Daniel Bellinger,Dallas Goedert,Dax Milne,Chris Finke,Tom Kennedy,Robert Tonyan,Ihmir Smith-Marsette,Cameron Batson,Shi Smith,Kawaan Baker,Cameron Brate,Zach Ertz,Tyler Higbee,Ray-Ray McCloud III,Noah Fant
TE,River Cracraft,Jonnu Smith,LTE,Slade Bolden,Drew Sample,LTE,Pat Freiermuth,Chad Beebe,Kylen Granson,Dan Arnold,LTE,LTE,LTE,LTE,Joe Reed,Brandon Smith,Ricky Seals-Jones,Jack Stoll,LTE,LTE,LTE,Marcedes Lewis,Albert Wilson,LTE,LTE,SWR,Cade Otton,Trey McBride,Kendall Blanton,KeeSean Johnson,Will Dissly
Dawson Knox,LTE,Devin Asiasi,C.J. Uzomah,LTE,Mitchell Wilcox,David Njoku,Zach Gentry,LTE,Jelani Woods,Chris Manhertz,Austin Hooper,Albert Okwuegbunam,Travis Kelce,Darren Waller,LTE,LTE,Jordan Akins,Grant Calcaterra,Logan Thomas,Cole Kmet,T.J. Hockenson,Josiah Deguara,TE,Kyle Pitts,Ian Thomas,Jarvis Landry,Ko Kieft,Maxx Williams,Brycen Hopkins,LTE,Colby Parkinson
O.J. Howard,Mike Gesicki,LT,Tyler Conklin,Mark Andrews,LT,Harrison Bryant,Connor Heyward,Brevin Jordan,LT,LT,Geoff Swaim,Greg Dulcich,Blake Bell,Foster Moreau,Gerald Everett,Dalton Schultz,LT,LT,John Bates,Ryan Griffin,Brock Wright,LT,Irv Smith Jr.,Anthony Firkser,Tommy Tremble,Tre'Quan Smith,LT,RTE,RTE,George Kittle,LT
Tommy Sweeney,Durham Smythe,Trent Brown,Jeremy Ruckert,Nick Boyle,Jonah Williams,Miller Forristall,LT,Pharaoh Brown,Matt Pryor,Cam Robinson,Chigoziem Okonkwo,Eric Tomlinson,Noah Gray,Jacob Hollister,Donald Parham Jr.,Sean McKeon,Andrew Thomas,Jordan Mailata,Cole Turner,James O'Shaughnessy,James Mitchell,David Bakhtiari,Ben Ellefson,John FitzPatrick,Stephen Sullivan,Easop Winston Jr.,Donovan Smith,Chris Pierce Jr.,Roger Carter,Charlie Woerner,Charles Cross
LT,Adam Shaheen,Justin Herron,LT,Charlie Kolar,D'Ante Smith,LT,Dan Moore Jr.,Teagan Quitoriano,Bernhard Raimann,Walker Little,LT,LT,LT,LT,Tre' McKitty,Jake Ferguson,Joshua Ezeudu,Andre Dillard,LT,LT,RTE,Yosh Nijman,Johnny Mundt,LT,LT,LT,Fred Johnson,LT,LT,Ross Dwelley,Stone Forsythe
Dion Dawkins,LT,Yodny Cajuste,George Fant,LT,Devin Cochran,Jedrick Wills Jr.,Joe Haeg,LT,Ryan Van Demark,Badara Traore,Taylor Lewan,Garett Bolles,Orlando Brown,Kolton Miller,LT,LT,Devery Hamilton,Brett Toth,Charles Leno Jr.,Larry Borom,Nolan Givan,Rasheed Walker,LT,Jake Matthews,Ikem Ekwonu,Trevor Penning,Brandon Walton,D.J. Humphries,Joe Noteboom,LT,Greg Eiland
Tommy Doyle,Terron Armstead,LG,Conor McDermott,Ronnie Stanley,LG,Chris Hubbard,Jake Dixon,Laremy Tunsil,LG,LG,Christian DiLauro,Calvin Anderson,Geron Christian,Brandon Parker,Rashawn Slater,Tyron Smith,LG,LG,Cornelius Lucas,Braxton Jones,LT,LG,Christian Darrisaw,Elijah Wilkinson,Cameron Erving,James Hurst,LG,Joshua Miles,AJ Jackson,Trent Williams,LG
Luke Tenuta,Greg Little,Cole Strange,Chuma Edoga,Patrick Mekari,Jackson Carman,Alex Taylor,LG,Charlie Heck,Quenton Nelson,Ben Bartch,Andrew Rupcich,Quinn Bailey,Prince Tega Wanogho,Tyrone Wheatley Jr.,Storm Norton,Matt Waletzko,Shane Lemieux,Landon Dickerson,LG,Shon Coleman,Taylor Decker,Jon Runyan,Vederian Lowe,Tyler Vrabel,Wyatt Miller,Ethan Greenidge,Aaron Stinnie,Koda Martin,Max Pircher,Colton McKivitz,Damien Lewis
LG,Kellen Diesch,Drew Desjarlais,LG,Jaryd Jones-Smith,Hakeem Adeniji,LG,Kevin Dotson,Cedric Ogbuehi,Jason Spriggs,KC McDermott,LG,LG,LG,LG,Andrew Trainer,Aviante Collins,Jamil Douglas,Sua Opeta,Andrew Norwell,LG,Dan Skipper,Sean Rhyan,Timon Parris,LG,LG,LG,Luke Goedeke,LG,LG,Sam Schlueter,Kyle Fuller
Rodger Saffold,LG,Arlington Hambright,Laken Tomlinson,LG,Desmond Noel,Joel Bitonio,Kendrick Green,LG,Josh Seltzner,C,Jamarco Jones,Dalton Risner,Joe Thuney,John Simpson,LG,LG,Ben Bredeson,Josh Sills,Saahdiq Charles,Cody Whitehair,LG,C,LG,Jalen Mayfield,Brady Christensen,Andrus Peat,Sadarius Hutcherson,Justin Pugh,David Edwards,LG,Shamarious Gilmore
Ike Boettger,Liam Eichenberg,C,Dru Samia,Tyre Phillips,C,Michael Dunn,Nate Gilliam,Kenyon Green,C,Tyler Shatley,Aaron Brewer,Ben Braden,Nick Allegretti,Alex Bars,Matt Feiler,Tyler Smith,C,C,Nolan Laufenberg,Ja'Tyre Carter,Jonah Jackson,Josh Myers,Ezra Cleveland,Justin Shaffer,Michael Jordan,Forrest Lamp,C,Marquis Hayes,Tremayne Anchrum Jr.,Aaron Banks,C
Jacob Capra,Robert Jones,David Andrews,Derrick Kelly,Ben Powers,Ted Karras,Hjalte Froholdt,C,Justin McCray,Ryan Kelly,Luke Fortner,Hayden Howerton,Zack Johnson,Mike Caliendo,Lester Cotton Sr.,Jamaree Salyer,Braylon Jones,Jon Feliciano,Jason Kelce,C,C,Logan Stenberg,Jake Hanson,Chris Reed,Ryan Neuzil,Mike Horton,Josh Andrews,Ryan Jensen,Sean Harlow,Jeremiah Kolone,Spencer Burford,Austin Blythe
C,Blaise Andries,James Ferentz,C,C,Trey Hill,C,Mason Cole,Tre'Vour Wallace-Simms,Wesley French,Nick Ford,C,C,C,C,Ryan Hunter,C,Max Garcia,Cam Jurgens,Chase Roullier,Lucas Patrick,Zein Obeid,Michal Menet,Kyle Hinton,C,C,C,Robert Hainsey,C,C,Jason Poe,Dakoda Shepley
Mitch Morse,C,Darryl Williams,Connor McGovern,Tyler Linderbaum,Lamont Gaillard,Nick Harris,J.C. Hassenauer,C,RG,RG,Ben Jones,Lloyd Cushenberry III,Creed Humphrey,Andre James,C,Tyler Biadasz,Nick Gates,RG,Tyler Larsen,Doug Kramer,C,RG,C,Matt Hennessy,Bradley Bozeman,Erik McCoy,RG,Rodney Hudson,Brian Allen,C,RG
Greg Mancz,Connor Williams,RG,Dan Feeney,Trystan Colon,RG,Ethan Pocic,Chris Owens,Justin Britt,Danny Pinter,Brandon Scherff,Daniel Munyer,Graham Glasgow,Austin Reiter,Dylan Parham,Corey Linsley,Matt Farniok,RG,Isaac Seumalo,Keith Ismael,Dieter Eiselen,Frank Ragnow,Royce Newman,Garrett Bradbury,Drew Dalman,Pat Elflein,RG,Shaq Mason,Lecitus Smith,Coleman Shelton,Jake Brendel,Gabe Jackson
RG,Michael Deiter,Mike Onwenu,Ross Pierschbacher,Jimmy Murray,Alex Cappa,Brock Hoffman,RG,Jimmy Morrissey,Will Fries,Wes Martin,Xavier Newman,Luke Wattenberg,RG,Hroniss Grasu,Will Clapp,Alec Lindstrom,Mark Glowinski,Jack Anderson,RG,RG,Evan Brown,Zach Tom,Austin Schlottmann,Jonotthan Harrison,Sam Tecklenburg,Cesar Ruiz,Nick Leverett,Haggai Ndubuisi,RG,Dohnovan West,Phil Haynes
Ryan Bates,RG,Will Sherman,RG,RG,Cordell Volson,RG,James Daniels,Scott Quessenberry,RT,Jared Hocker,RG,RG,Trey Smith,RG,Isaac Weaver,RG,Marcus McKethan,Kayode Awosika,Trai Turner,Sam Mustipher,Ryan McCollum,George Moore,Josh Sokol,RG,RG,Calvin Throckmorton,John Molchon,RG,Logan Bruss,RG,RT
Cody Ford,Robert Hunt,Chasen Hines,Alijah Vera-Tucker,Kevin Zeitler,RT,Wyatt Teller,John Leglue,RG,Braden Smith,RT,Nate Davis,Quinn Meinerz,Chris Glaser,Denzelle Good,RG,Zack Martin,Josh Rivas,RT,Wes Schweitzer,Zachary Thomas,RG,RT,RG,Chris Lindstrom,Austin Corbett,Lewis Kidd,RT,Will Hernandez,Bobby Evans,Daniel Brunskill,Jake Curhan
Greg Van Roten,Solomon Kindley,RT,Nate Herbig,Ben Cleveland,La'el Collins,Blake Hance,RT,A.J. Cann,Dennis Kelly,Jawaan Taylor,Corey Levin,Netane Muti,Vitaliy Gurman,Thayer Munford Jr.,Zion Johnson,Connor McGovern,RT,Lane Johnson,Chris Paul,Willie Wright,Halapoulivaati Vaitai,Elgton Jenkins,Jesse Davis,Colby Gossett,Cade Mays,RT,Tristan Wirfs,Justin Murray,Chandler Brewer,Jaylon Moore,Abraham Lucas
RT,Cole Banwart,Isaiah Wynn,RT,Kahlil McKenzie,Isaiah Prince,Dawson Deaton,Chukwuma Okorafor,Max Scharping,Brandon Kemp,Will Richardson Jr.,Jordan Roos,Michael Niese,RT,Jordan Meredith,Brenden Jaimes,RT,Evan Neal,Jack Driscoll,RT,RT,Tommy Kraemer,Cole Van Lanen,Ed Ingram,RT,Deonte Brown,Ryan Ramczyk,Josh Wells,Danny Isidora,RT,Keaton Sutherland,Liam Ryan
Spencer Brown,RT,Yasir Durant,Mekhi Becton,RT,,RT,Trent Scott,Jordan Steckler,,Coy Cronk,RT,RT,Andrew Wylie,RT,RT,Terence Steele,Matt Gono,Le'Raven Clark,Sam Cosmi,Teven Jenkins,Kevin Jarvis,Caleb Jones,Wyatt Davis,Kaleb McGary,RT,Landon Young,Jonathan Hubbard,RT,Rob Havenstein,RT,
David Quessenberry,Austin Jackson,Andrew Stueber,Max Mitchell,Morgan Moses,,Jack Conklin,Chaz Green,RT,,,Dillon Radunz,Billy Turner,Lucas Niang,Alex Leatherwood,Trey Pipkins III,Josh Ball,Korey Cunningham,,Willie Beavers,Julién Davenport,RT,,RT,Germain Ifedi,Taylor Moton,Jerald Hawkins,,Kelvin Beachum,AJ Arcuri,Mike McGlinchey,
Bobby Hart,Larnel Coleman,,Greg Senat,Daniel Faalele,,James Hudson III,,Tytus Howard,,,Nicholas Petit-Frere,Tom Compton,Darian Kinnard,Jermaine Eluemunor,Foster Sarell,Isaac Alarcón,,,Aaron Monteiro,Lachavious Simmons,Penei Sewell,,Brian O'Neill,Rick Leonard,Dennis Daley,,,Josh Jones,Adrian Ealy,Nick Zakelj,
,Adam Pankey,,,Ja'Wuan James,,Elijah Nkansah,,Austin Deculus,,,Carson Green,Casey Tucker,,Jackson Barton,Zack Bailey,,,,,,Matt Nelson,,Olisaemeka Udoh,,Austen Pleasants,,,Eric Smith,,Justin Skule,
,,,,,,,,Myron Cunningham,,,,,,,,,,,,,Obinna Eze,,Blake Brandel,,,,,,,,